subscription_type,nb_users,total_revenue,avg_spend
free,333357,85058515.07000096,255.1574290325416
basic,333919,85213136.82999967,255.1910398330124
premium,332724,84742525.61,254.69315591901997
